Customer_ID,Customer_Name,Gender,Age,State,City,Bank_Branch,Account_Type,Transaction_ID,Transaction_Date,Transaction_Time,Transaction_Amount,Merchant_ID,Transaction_Type,Merchant_Category,Account_Balance,Transaction_Device,Transaction_Location,Device_Type,Is_Fraud,Transaction_Currency,Customer_Contact,Transaction_Description,Customer_Email
1941b4cf-e5db-48e7-a1cc-44bb506edfa1,Udarsh Doctor,Female,70,Manipur,Churachandpur,Churachandpur Branch,Checking,5eaae114-f685-4e8f-808e-05bcbee9dbf1,16-01-2025,21:59:56,73990.02,43a140bc-dc0b-452c-953f-93341e9d5d13,Bill Payment,Groceries,26998.49,POS Terminal,"Churachandpur, Manipur",Mobile,0,INR,+9194848XXXXXX,Subscription fee,udarshXXX@XXXXXXX.com
fe831968-7058-4e31-a659-0dae83ef636e,Aarini Grover,Female,27,Himachal Pradesh,Shimla,Shimla Branch,Business,30a10997-a957-4073-9f9c-31272a05911f,14-01-2025,17:44:21,34258.19,ee1211ae-ba11-4901-af22-4c90f59ec5cb,Credit,Clothing,16474.66,Wearable Device,"Shimla, Himachal Pradesh",POS,0,INR,+9199469XXXXXX,Corporate event ticket,aariniXXXX@XXXXX.com
c042ebab-eb62-4064-a4de-976221aac18f,Harini Bali,Female,35,Puducherry,Puducherry,Puducherry Branch,Business,586a2641-ee91-4e04-ac48-92e9c3969c47,26-01-2025,00:53:29,35041.78,a069e4cb-5201-4a77-a6b9-ed6a02747494,Withdrawal,Restaurant,79427.51,ATM Booth Kiosk,"Puducherry, Puducherry",Desktop,0,INR,+9196922XXXXXX,Insurance claim,hariniXXXXX@XXXXXX.com
4c39936a-4212-4f23-ad2f-9d100941a84b,Ojasvi Rajan,Male,56,Chandigarh,Chandigarh,Chandigarh Branch,Savings,0ee2bb94-61ce-41fb-8b8b-ec1481123012,19-01-2025,18:20:06,4070.99,a992cc0c-d1fb-4556-be10-267ea7dbf457,Transfer,Entertainment,8459.75,Debit/Credit Card,"Chandigarh, Chandigarh",ATM,0,INR,+9192385XXXXXX,Childcare expense,ojasviXXXXX@XXXXX.com
9f391091-8b78-4e4b-ba7f-f06eba76b2da,Wishi Mitter,Male,22,Gujarat,Ahmedabad,Ahmedabad Branch,Savings,2a58815d-fd37-4678-b868-5d331f4dd4ce,10-01-2025,19:48:45,13405.23,576b0254-59b4-40dc-9efe-2ea5bf671100,Bill Payment,Restaurant,71766.34,Virtual Card,"Ahmedabad, Gujarat",POS,0,INR,+9193005XXXXXX,Doctor consultation,wishiXXXX@XXXXXX.com
49bca871-d919-4503-a042-fe7bc4ac80e6,Wakeeta Rana,Male,26,Rajasthan,Udaipur,Udaipur Branch,Checking,51a8fe8d-455a-4a60-8f3b-d90e0fc1d5a6,06-01-2025,05:23:35,11149.78,d5f39fa1-2d83-417f-ae71-1753944111ad,Transfer,Electronics,59148.6,Voice Assistant,"Udaipur, Rajasthan",ATM,0,INR,+9198913XXXXXX,Public transport pass,wakeetaXXXX@XXXXXXX.com
4a361862-91bc-4b9e-8331-c166d3ef296d,Parth Sinha,Male,35,Goa,Margao,Margao Branch,Business,312b222a-4a41-4e66-9bc2-bc22888ee1c8,16-01-2025,13:08:26,18033.23,b30a8285-55de-4eac-b881-9bc033aa1aa0,Transfer,Electronics,34538.36,Bank Branch,"Margao, Goa",ATM,1,INR,+9199726XXXXXX,Car service,parthXXX@XXXXX.com
595c02b8-5ff9-4aec-bd63-ec8fb31b6891,Gaurangi Borde,Male,58,Gujarat,Rajkot,Rajkot Branch,Business,56fb0e9c-c982-48f5-864b-c4a598645ef1,19-01-2025,15:08:57,45039.87,f29ca693-7955-4fcc-b091-632f9e54ac25,Credit,Groceries,71177.89,ATM Booth Kiosk,"Rajkot, Gujarat",ATM,0,INR,+9199720XXXXXX,Lunch payment,gaurangiXXXX@XXXXX.com
ea642b33-f08a-47dd-af9d-200974b2739f,Karan Parikh,Male,28,Kerala,Kozhikode,Kozhikode Branch,Business,c1a5af7e-4743-41a6-9a4b-980862b894e3,23-01-2025,08:34:44,95345.67,885a1c3e-c8f6-42be-a0e2-3a2f2dd16341,Credit,Health,25278.38,QR Code Scanner,"Kozhikode, Kerala",POS,0,INR,+9198735XXXXXX,Cash deposit,karanXXXXX@XXXXX.com
804923b7-637f-433b-b87f-1d50de4aa1ec,Rachita Gopal,Female,19,Meghalaya,Tura,Tura Branch,Checking,94f9d2e6-bef0-464d-a95f-60dd234fe9ba,06-01-2025,03:01:00,39354.37,36341f16-396b-478c-9e1a-9bf1280ff2af,Transfer,Health,91980.99,Voice Assistant,"Tura, Meghalaya",Desktop,0,INR,+9194844XXXXXX,Home repairs,rachitaXXX@XXXXXXX.com
bd4933ce-72f1-4591-a282-5f6f5ca7f620,Abha Pathak,Male,53,Nagaland,Wokha,Wokha Branch,Checking,9c49b2ed-af4b-4d8c-86d5-3207281ddb12,07-01-2025,19:25:49,41107.43,a56d632c-429e-4ac5-a222-39fde8ea6829,Transfer,Electronics,53781.12,Desktop/Laptop,"Wokha, Nagaland",Mobile,0,INR,+9196042XXXXXX,Online workshop,abhaXXX@XXXXXXX.com
01d511dd-afbd-40bf-937e-0d5b0fe38ff2,Lakshit Thaman,Male,45,Uttar Pradesh,Meerut,Meerut Branch,Checking,c74e656c-099a-4c48-976e-83d920514c74,10-01-2025,02:33:30,36809.28,c0184068-7187-4e50-bc79-fd9677d0d32f,Credit,Clothing,89235.1,Virtual Card,"Meerut, Uttar Pradesh",Desktop,0,INR,+9192342XXXXXX,Luxury item purchase,lakshitXXXXX@XXXXXXX.com
d8ce78d7-7cd2-4a0c-ba34-9f31a6219286,Nandini Grewal,Female,64,Punjab,Patiala,Patiala Branch,Business,f288f200-b26a-4bee-b964-49cf604f733b,05-01-2025,04:50:42,19017.13,2ea6e183-9566-41fd-98a8-e9a2ef4993b9,Transfer,Entertainment,19502.7,POS Terminal,"Patiala, Punjab",Desktop,0,INR,+9196767XXXXXX,Subscription renewal,nandiniXXX@XXXXXX.com
b8a96811-9b3c-4579-95a7-b4c92e33b58d,Garima Wali,Female,69,Telangana,Karimnagar,Karimnagar Branch,Checking,f6e27f27-5091-4fc7-93a8-eabc9388e560,22-01-2025,21:05:01,10420.13,f8aae659-23ab-4205-bffd-e6b5fe298b3f,Debit,Health,64172.63,Web Browser,"Karimnagar, Telangana",ATM,0,INR,+9197643XXXXXX,Meal plan,garimaXXXXX@XXXXX.com
bf0f766d-d6dd-47bc-9191-4e63ff5ee329,Andrew Kapadia,Male,66,Goa,Panaji,Panaji Branch,Checking,3e7ef56a-cf30-4230-a85a-044416a28363,29-01-2025,00:09:12,22594.99,81dd6d1e-4699-4f75-a139-d42e4a9ae21c,Debit,Groceries,65889.07,Payment Gateway Device,"Panaji, Goa",POS,0,INR,+9195520XXXXXX,Subscription payment,andrewXXXXX@XXXXXX.com
011389d3-3e0c-4857-92df-af86d2ce6d66,Ronith Dora,Male,47,Uttar Pradesh,Kanpur,Kanpur Branch,Checking,e5dc4f8e-b798-4d8d-b28b-2e673943d9df,09-01-2025,22:45:40,16092.52,8f395c6e-4ed1-43dc-af27-74ed4208ff3c,Debit,Restaurant,49915.35,Virtual Card,"Kanpur, Uttar Pradesh",ATM,0,INR,+9192899XXXXXX,School fee payment,ronithXXXXX@XXXXXX.com
d8ff40a2-751b-4600-b9e3-5e5a924d732f,Zansi Pant,Female,41,Arunachal Pradesh,Tawang,Tawang Branch,Savings,62b4de2c-46ce-4673-a0ff-449af8606e70,29-01-2025,05:59:17,77265.5,dfc779e2-61ef-40ad-89a8-fc4870f8444c,Debit,Groceries,26052.19,Banking Chatbot,"Tawang, Arunachal Pradesh",Mobile,0,INR,+9195098XXXXXX,Penalty fee,zansiXXXX@XXXXXX.com
91db7b3b-3fc7-4f95-b1d6-fea051e9a4b6,Madhavi Pai,Male,41,Punjab,Chandigarh,Chandigarh Branch,Checking,112439cd-483b-426b-be58-408601a578a0,24-01-2025,22:08:51,79399.34,65c56b13-c0a4-42d2-b423-03c80476ac48,Withdrawal,Restaurant,65982.83,Self-service Banking Machine,"Chandigarh, Punjab",POS,0,INR,+9199784XXXXXX,Jewelry purchase,madhaviXXXXX@XXXXXXX.com
84d93c03-9b38-40ce-92ad-4aec39e867d9,Parth Chaudry,Male,45,Tripura,Ambassa,Ambassa Branch,Checking,44a1f6c6-efe1-4d72-a2bb-517dafb1fff7,05-01-2025,13:05:33,48564.0,eac94671-7cb2-47dd-9620-ada4a9655ef4,Debit,Clothing,20542.48,Payment Gateway Device,"Ambassa, Tripura",ATM,0,INR,+9192562XXXXXX,Insurance claim,parthXXXX@XXXXXXX.com
8bc2158e-27cc-4c2d-a687-bc9a5ca1e947,Osha Viswanathan,Female,51,Chhattisgarh,Bilaspur,Bilaspur Branch,Savings,3b78e4af-592c-46ee-b1f9-7ea62d008907,25-01-2025,07:33:50,21032.44,cd163acf-3720-4c51-af63-4290193abdc1,Withdrawal,Groceries,35614.01,ATM Booth Kiosk,"Bilaspur, Chhattisgarh",ATM,0,INR,+9191621XXXXXX,Moving services payment,oshaXXXXX@XXXXX.com
13ef1063-8ac4-41f9-a8e4-e62e342b0135,Dayita Iyengar,Male,33,Tamil Nadu,Salem,Salem Branch,Checking,0ceb8a8e-246e-4075-82e9-fd5f6bafe967,19-01-2025,06:37:28,81390.43,83fe9789-40c1-4d9f-8b59-84f6158d0270,Transfer,Groceries,47056.84,POS Mobile App,"Salem, Tamil Nadu",POS,0,INR,+9197332XXXXXX,Fund transfer,dayitaXXXXX@XXXXXX.com
3d603f65-522d-4d17-bbc4-bac77fee925b,Maanav Sekhon,Male,33,Bihar,Munger,Munger Branch,Business,e17d0408-7d23-4f92-b46b-32c3eeb97e3e,10-01-2025,10:57:27,24577.79,0bc50412-73f7-46d2-aae1-dba48f6e3dba,Bill Payment,Health,17271.75,Smart Card,"Munger, Bihar",Mobile,0,INR,+9191449XXXXXX,Senior citizen care,maanavXXXX@XXXXX.com
c7883ac8-fa18-4501-9f76-6df7141ea6bc,Meera Gara,Male,56,Dadra and Nagar Haveli and Daman and Diu,Silvassa,Silvassa Branch,Checking,cf750667-aa99-4a35-9578-48c6b9f57817,01-01-2025,23:41:35,96002.38,161fc49a-2854-4595-977f-c5a2b6c9b9d4,Transfer,Health,74022.09,Mobile Device,"Silvassa, Dadra and Nagar Haveli and Daman and Diu",ATM,0,INR,+9191001XXXXXX,Ridesharing service,meeraXXXXX@XXXXXX.com
e6a5a184-a887-47dd-8703-34261fe1a48b,Libni Krishnan,Male,21,Andaman and Nicobar Islands,Car Nicobar,Car Nicobar Branch,Checking,94c0e0ad-0d33-427e-a121-ef247b8b4d52,05-01-2025,10:56:04,68830.21,0c87e464-3536-45fe-a857-3773f2e82b1d,Credit,Entertainment,48331.22,Self-service Banking Machine,"Car Nicobar, Andaman and Nicobar Islands",ATM,0,INR,+9199309XXXXXX,Installment payment,libniXXXX@XXXXXX.com
0da08e04-4aea-4efe-ba7d-b9d8042c15dd,Hemani Chaudhry,Female,45,Uttar Pradesh,Varanasi,Varanasi Branch,Business,5d31d241-5f6d-4643-90f1-ddcc40ace28a,11-01-2025,11:14:30,15076.01,1c933e87-adb7-4f48-b25c-7ff3f8c61ee0,Credit,Health,66774.4,Voice Assistant,"Varanasi, Uttar Pradesh",Desktop,0,INR,+9199196XXXXXX,Hiring fee,hemaniXXXXX@XXXXXX.com
46c081f0-88d6-4efb-996c-9ef25c7e40fc,Diya Bahl,Female,44,Gujarat,Bhavnagar,Bhavnagar Branch,Savings,f35c186d-bfee-474c-9e17-c2efe05d3696,14-01-2025,17:20:53,13951.14,c6e815b9-f692-4f31-a462-5cbd67146c61,Debit,Groceries,88713.74,Web Browser,"Bhavnagar, Gujarat",ATM,0,INR,+9198310XXXXXX,Pharmacy bill,diyaXXXXX@XXXXXXX.com
91a823e0-bb43-43fb-9e3a-baff4d6b3ef3,Wyatt Karpe,Male,38,Delhi,North Delhi,North Delhi Branch,Business,a3e85f86-20a1-4a44-ba74-b994a5bb63fd,02-01-2025,08:53:18,30797.41,801aefa3-2438-474d-88fa-f40f27cadde4,Withdrawal,Electronics,85267.93,ATM,"North Delhi, Delhi",Desktop,0,INR,+9199436XXXXXX,Mutual fund investment,wyattXXX@XXXXXXX.com
397b7b78-27bc-4e7e-8675-30ced5e86077,Madhav Ben,Male,53,Kerala,Kochi,Kochi Branch,Savings,b8878119-ced9-4322-bfe8-81fa63841758,10-01-2025,23:45:28,44182.89,6bf48b0f-fda8-4b67-ba21-a8834e73284b,Debit,Electronics,6687.28,Wearable Device,"Kochi, Kerala",POS,0,INR,+9192282XXXXXX,Fuel purchase,madhavXXX@XXXXXXX.com
185f3271-ebee-4550-92e6-cc8dfde15add,Harinakshi Chada,Male,49,Manipur,Churachandpur,Churachandpur Branch,Business,d17c7c7f-78b7-4176-98b5-7938928c498c,14-01-2025,18:28:57,47136.47,53d9c006-8c22-44ee-b7f7-49d865fc6a15,Withdrawal,Groceries,6272.73,ATM,"Churachandpur, Manipur",Desktop,0,INR,+9197957XXXXXX,Crowdfunding contribution,harinakshiXXXXX@XXXXX.com
c06c477a-a8ee-4746-9e46-7146469ac107,Orinder Upadhyay,Female,41,Gujarat,Rajkot,Rajkot Branch,Savings,f684ee19-09d4-491b-95c5-8e9336e7040e,03-01-2025,07:58:57,11991.65,b2719ea6-8c77-406d-9e49-0232c5829f78,Withdrawal,Groceries,38269.01,Self-service Banking Machine,"Rajkot, Gujarat",ATM,0,INR,+9198272XXXXXX,Taxi booking,orinderXXX@XXXXXXX.com
366250a8-8cda-4bcf-a6d0-e248bb42ed66,Jatin Saxena,Female,51,Nagaland,Dimapur,Dimapur Branch,Business,499f9dc3-f0af-479d-981b-0c5dd2d85302,05-01-2025,10:13:49,55959.15,5a5e48bf-c7a7-4628-be24-e3aa6a704cc2,Bill Payment,Electronics,41200.65,QR Code Scanner,"Dimapur, Nagaland",Mobile,0,INR,+9194117XXXXXX,Online subscription,jatinXXXX@XXXXX.com
a3c7ece4-3035-4aa9-9b16-17dba5cdc610,Geetika Muni,Female,49,Chhattisgarh,Jagdalpur,Jagdalpur Branch,Savings,fa160f2e-c446-4e22-8f38-0ba08e784849,13-01-2025,08:55:30,62036.35,34d5bc7d-af3f-47cf-a0f6-0977a1dc9d3f,Bill Payment,Restaurant,53687.4,Tablet,"Jagdalpur, Chhattisgarh",POS,0,INR,+9195939XXXXXX,Online book purchase,geetikaXXXX@XXXXXXX.com
9d8b53e6-0e56-4299-8f13-150bb39799ed,Ojas Pandit,Female,46,Maharashtra,Nashik,Nashik Branch,Savings,9f099e22-cda2-42eb-8d82-fe04d0a397bf,18-01-2025,13:20:34,18520.6,49f19ede-d784-4eab-95b2-a4f2c334fee4,Withdrawal,Clothing,67090.59,ATM,"Nashik, Maharashtra",Desktop,0,INR,+9195706XXXXXX,Bank transfer,ojasXXX@XXXXXX.com
800522ec-1aeb-4316-aab0-463502caec3f,Parth Sachdeva,Female,59,Gujarat,Bhavnagar,Bhavnagar Branch,Savings,0736bc60-3c58-4c4f-b13b-202787ace9d0,27-01-2025,01:21:10,50634.42,114aa554-cd15-4046-8f6b-aa9e809f421a,Debit,Groceries,55520.7,Banking Chatbot,"Bhavnagar, Gujarat",POS,0,INR,+9198313XXXXXX,Credit card payment,parthXXX@XXXXX.com
cdf9e48d-375a-415c-93fc-6c9d519657d0,Charita Soni,Female,19,Maharashtra,Aurangabad,Aurangabad Branch,Savings,41451f0c-fc23-47bd-b1c9-86701b0ab83e,06-01-2025,20:31:23,60894.8,6402cfb4-b315-4c2c-b085-3e54280b7d37,Bill Payment,Restaurant,99452.71,POS Terminal,"Aurangabad, Maharashtra",POS,0,INR,+9194491XXXXXX,Gifts for family,charitaXXXXX@XXXXXX.com
b20cc8ce-d574-4df8-ac83-ece8c1c5fa8c,Sanya Nori,Female,36,Rajasthan,Udaipur,Udaipur Branch,Savings,ce96958e-7e62-418f-95e5-3a7921f9ad37,02-01-2025,23:13:17,3392.47,156806f8-c6a4-40d6-b74c-53b0e94c8feb,Debit,Entertainment,55531.0,Banking Chatbot,"Udaipur, Rajasthan",POS,0,INR,+9195816XXXXXX,Online subscription,sanyaXXXXX@XXXXX.com
2d69aa15-5ac8-405c-ac49-197305a9f619,Balendra Parsa,Female,19,Jharkhand,Ranchi,Ranchi Branch,Checking,3a4eebe0-f1d1-4226-9830-302da818ab4c,29-01-2025,08:46:45,42185.47,e533368e-d8fc-46b2-a5e3-3d0e5eb924ba,Withdrawal,Restaurant,73861.77,ATM,"Ranchi, Jharkhand",ATM,0,INR,+9191891XXXXXX,Gift for partner,balendraXXX@XXXXXX.com
a86e77b2-2959-4f70-9b02-9768e42b922e,Suhani Kalla,Male,46,Punjab,Chandigarh,Chandigarh Branch,Business,7a53294e-e8df-406f-804a-af49871d4470,23-01-2025,22:12:31,84808.2,606969a2-91c7-4f83-9b61-9f36061b6661,Withdrawal,Electronics,97398.24,ATM,"Chandigarh, Punjab",ATM,0,INR,+9198338XXXXXX,Utility service,suhaniXXXX@XXXXX.com
4b7eb335-2a38-4a46-9dc7-6965f9c3e75a,Harinakshi Hegde,Female,32,Gujarat,Surat,Surat Branch,Business,20a7e43a-1db2-4eb4-a509-24ca58180251,04-01-2025,23:29:04,46824.2,ac93ff0b-7d30-46d9-bc79-bc768fb6cb60,Debit,Groceries,99260.53,Desktop/Laptop,"Surat, Gujarat",Desktop,0,INR,+9198868XXXXXX,Bank fee,harinakshiXXX@XXXXXX.com
8f653794-fd2c-47b3-99b4-bed54c727ed6,Jagat Shetty,Female,29,Tripura,Udaipur,Udaipur Branch,Savings,1cb4cce1-735e-4c38-82d9-7a439040c6c9,22-01-2025,02:45:11,72926.3,0c59d13a-5337-4983-8574-3874b0bc82a2,Transfer,Electronics,77737.34,Biometric Scanner,"Udaipur, Tripura",POS,0,INR,+9199425XXXXXX,Luxury item purchase,jagatXXXX@XXXXXXX.com
888c9945-1d3b-4aa5-8d74-6032e2fbb0c0,Zaid Raja,Male,38,Mizoram,Aizawl,Aizawl Branch,Business,b9bd7dda-f872-464d-914c-d6c55fe1735b,27-01-2025,10:43:41,61931.22,70733c39-222e-4c25-8090-b3dcf70e6b49,Withdrawal,Health,80737.84,ATM,"Aizawl, Mizoram",POS,0,INR,+9197296XXXXXX,Loyalty points redemption,zaidXXXXX@XXXXXXX.com
3c9c26fa-7748-4e76-970f-57aed65fb175,Sanaya Nair,Male,35,Arunachal Pradesh,Ziro,Ziro Branch,Savings,fe787a06-6708-4772-9ba8-db2d6bf0056e,13-01-2025,20:39:23,25725.57,df9d2113-adc4-431b-a807-c46e50f31b17,Debit,Clothing,35290.28,Debit/Credit Card,"Ziro, Arunachal Pradesh",ATM,0,INR,+9196191XXXXXX,Home renovation,sanayaXXX@XXXXXX.com
e7a8b28e-1b8a-4e7b-9217-2985834ca476,Kiaan Ahuja,Female,28,Punjab,Patiala,Patiala Branch,Checking,9e8456bb-928a-4995-b4f9-73f2ed4bf651,05-01-2025,10:59:42,71320.27,fb3239c3-c7a8-4d2a-8aaf-eac7974c0811,Bill Payment,Restaurant,46786.08,POS Terminal,"Patiala, Punjab",ATM,0,INR,+9195582XXXXXX,Online gaming,kiaanXXXX@XXXXX.com
d0b75240-7f58-4dc1-9992-23344f5753a4,Pranav Badami,Male,19,Lakshadweep,Kavaratti,Kavaratti Branch,Business,bdf77ef6-f831-4c7b-9ec8-f0678182ec17,13-01-2025,20:50:54,48535.61,cbb17a1e-f741-422f-848f-c8fd2082350a,Transfer,Electronics,61776.97,Debit/Credit Card,"Kavaratti, Lakshadweep",ATM,0,INR,+9195882XXXXXX,Personal finance consulting,pranavXXX@XXXXX.com
76e4a516-7e85-4aeb-8a65-40f7b12613b9,Fiyaz Chauhan,Male,38,Arunachal Pradesh,Naharlagun,Naharlagun Branch,Checking,468555e0-2835-4a00-9488-63078c8a2b0b,28-01-2025,23:18:34,20767.55,0a765334-db1e-4ba7-8215-7398685b093b,Debit,Electronics,81027.36,Desktop/Laptop,"Naharlagun, Arunachal Pradesh",Mobile,0,INR,+9198344XXXXXX,Gift for colleague,fiyazXXXXX@XXXXX.com
c4d62dee-bc2d-4668-aa10-141eead8a162,Balveer Tailor,Female,26,Mizoram,Kolasib,Kolasib Branch,Savings,540dac03-2164-4759-a320-eca432f9c846,05-01-2025,20:33:16,58787.66,b0cb9e14-ec85-4cbd-af18-8fe5950dfe6b,Withdrawal,Clothing,61365.35,ATM,"Kolasib, Mizoram",ATM,0,INR,+9195909XXXXXX,Installment payment,balveerXXXX@XXXXXXX.com
9acdcbd9-bacc-4aa2-ba0d-2c6fa2c0baed,Vamakshi Mangal,Male,60,Assam,Guwahati,Guwahati Branch,Savings,33154a46-9b5e-43d9-ae50-3fa0e4a7634e,05-01-2025,12:33:27,15686.43,a0048be9-87d7-4641-a51e-5c1c2e6ea577,Transfer,Electronics,55770.02,Voice Assistant,"Guwahati, Assam",ATM,0,INR,+9198639XXXXXX,Airline ticket,vamakshiXXXX@XXXXX.com
a60871b1-e4c9-4ec0-a731-4ded2d930fd0,Anirudh Dubey,Male,28,Odisha,Cuttack,Cuttack Branch,Savings,78f3af1a-f267-44f4-b5cb-9ee4346ca44d,19-01-2025,04:01:33,27862.73,897f3160-c74f-4de1-a03d-a64be1cd7390,Credit,Health,47595.6,QR Code Scanner,"Cuttack, Odisha",POS,0,INR,+9194968XXXXXX,Bitcoin transaction,anirudhXXXX@XXXXX.com
476e3e35-78af-4dea-bbfc-24cb327044c0,Brijesh Mohanty,Female,66,Uttarakhand,Dehradun,Dehradun Branch,Business,a79efcba-c91b-4cbb-ad2e-8113ab0282c2,01-01-2025,21:23:38,83341.91,3a1cd403-40bc-473b-ab7d-cfedfc417b30,Credit,Clothing,44068.91,Banking Chatbot,"Dehradun, Uttarakhand",Desktop,0,INR,+9199781XXXXXX,Travel expenses,brijeshXXXXX@XXXXX.com
b767d407-7abb-4202-a711-d5afdedc4b18,Champak Khatri,Female,44,Punjab,Jalandhar,Jalandhar Branch,Business,de5682da-5c90-4a86-919c-0fe38d1001af,25-01-2025,17:28:13,55049.35,73bab2d1-a400-4ab7-8472-ed81ce7e4752,Debit,Restaurant,47075.53,Tablet,"Jalandhar, Punjab",ATM,0,INR,+9197177XXXXXX,Subscription fee,champakXXXXX@XXXXX.com
21a4d481-c365-451d-b4bf-e4a13e2d8ac7,Yug Chana,Male,23,Mizoram,Kolasib,Kolasib Branch,Business,8c150388-8f2d-4abc-963a-dbcb962e1f21,30-01-2025,13:51:06,82618.15,d8a5561a-27ce-4e65-849e-86c6afc16919,Bill Payment,Clothing,26753.7,Wearable Device,"Kolasib, Mizoram",ATM,0,INR,+9198474XXXXXX,Camping gear purchase,yugXXXX@XXXXXX.com
7ce07061-5427-46ca-b343-290a9d45cfee,Aradhana Issac,Female,56,Bihar,Munger,Munger Branch,Checking,d5213bad-c211-4eec-acd9-d6a44e0c66cf,25-01-2025,11:20:00,85969.28,e45e235d-b8a5-4967-adde-a4eb51f36965,Withdrawal,Groceries,16388.65,ATM,"Munger, Bihar",Desktop,0,INR,+9191878XXXXXX,Tuition fee payment,aradhanaXXX@XXXXXX.com
fbbb237c-3e87-40c2-a969-a9ae54308ee1,Mason Dixit,Male,67,Maharashtra,Nagpur,Nagpur Branch,Business,4bae20c6-b6ee-4238-8b07-969f20bda1f2,01-01-2025,04:59:39,10856.49,06d86096-e0dc-43a6-9fd3-509204aae7fb,Credit,Clothing,46470.37,Bank Branch,"Nagpur, Maharashtra",ATM,0,INR,+9194085XXXXXX,Clothing purchase,masonXXX@XXXXXX.com
01555826-dc9d-4544-81eb-43c94543186d,Adya Borra,Female,22,Punjab,Jalandhar,Jalandhar Branch,Business,28cba09e-b672-4336-a188-c61242613e47,21-01-2025,00:48:57,71022.2,f4512e95-8359-44a8-8b48-f03b4bebddb0,Transfer,Health,76582.22,ATM,"Jalandhar, Punjab",ATM,0,INR,+9195317XXXXXX,Membership subscription,adyaXXXXX@XXXXXX.com
f142c9f0-2270-481f-a647-4026922e12a3,Anay Prabhu,Female,26,Delhi,South Delhi,South Delhi Branch,Savings,b6d6c129-a4ba-471c-afd2-094a7b8165db,09-01-2025,05:39:37,17979.55,02523242-079c-4bc7-a950-8c7cf9eadd3a,Transfer,Clothing,14274.53,Biometric Scanner,"South Delhi, Delhi",POS,0,INR,+9194659XXXXXX,Bike rental,anayXXXXX@XXXXX.com
80f0bf42-3252-41b7-8fe5-93d58971c1ec,Eshana Char,Male,63,Punjab,Patiala,Patiala Branch,Savings,1370392a-e4e6-4939-922c-9b1d93ef5f69,04-01-2025,17:25:29,55415.22,ab528780-9ef3-497e-889f-5b32e89787e1,Transfer,Clothing,66118.82,POS Mobile App,"Patiala, Punjab",Desktop,0,INR,+9194388XXXXXX,Wedding anniversary gift,eshanaXXXX@XXXXXX.com
b5d3987e-c085-4da5-91dd-c89a73f646e6,Chanakya Chaudry,Female,49,Puducherry,Karaikal,Karaikal Branch,Checking,8016da0d-945a-4dff-829a-fd04f123fa9f,03-01-2025,05:37:18,53555.71,7c96951b-eea1-4914-adf7-8095640e8472,Debit,Groceries,83020.47,Desktop/Laptop,"Karaikal, Puducherry",Mobile,0,INR,+9193712XXXXXX,Membership subscription,chanakyaXXXX@XXXXXX.com
c87e6a49-2603-4fe1-924d-a51fb4d21e5f,Ishani Oommen,Male,45,Puducherry,Yanam,Yanam Branch,Business,96768028-7ebd-440b-b411-0d9d5186dc03,05-01-2025,10:58:02,81264.14,6aa8e5a9-4415-4a57-9bb1-65463d7162a2,Withdrawal,Restaurant,91155.41,Self-service Banking Machine,"Yanam, Puducherry",Mobile,0,INR,+9194617XXXXXX,Tax payment,ishaniXXXXX@XXXXXX.com
b2b93c52-1b66-4295-b2b9-239300c1478c,Nathaniel Badami,Female,53,Odisha,Berhampur,Berhampur Branch,Business,7bd88123-06d7-44bc-82c4-b0434c01f58c,14-01-2025,21:35:08,68629.16,a77cb016-786f-41ca-b297-28f359403438,Credit,Restaurant,79345.98,ATM Booth Kiosk,"Berhampur, Odisha",Mobile,0,INR,+9192451XXXXXX,Healthcare premium,nathanielXXX@XXXXXXX.com
d0345032-0d70-42d4-804d-2b8cbc0dea01,Laksh Bath,Male,31,Gujarat,Ahmedabad,Ahmedabad Branch,Checking,127323b6-b814-4c07-b1ae-d80690c4f6c3,17-01-2025,07:14:50,62792.34,65244258-2cd0-42c6-8a34-7c396e8f85fe,Transfer,Clothing,84149.11,QR Code Scanner,"Ahmedabad, Gujarat",ATM,0,INR,+9194803XXXXXX,Restaurant dining,lakshXXXXX@XXXXX.com
7ea8200e-8ac0-4593-942e-5f6dd7b6502e,Vedant Sharma,Male,47,West Bengal,Asansol,Asansol Branch,Business,13613397-c8bc-4cf0-8285-d8476dff82f6,15-01-2025,22:01:26,1475.91,2e8605cb-6ce8-419b-af52-38f6557ba9f1,Credit,Restaurant,43970.55,Desktop/Laptop,"Asansol, West Bengal",Mobile,0,INR,+9196018XXXXXX,Cafe purchase,vedantXXXX@XXXXX.com
ab720a9e-92e7-4f00-8387-4f54e21078f7,Om Devan,Female,60,Himachal Pradesh,Kangra,Kangra Branch,Business,1a9b4538-a1f7-458c-8727-75b0de655b2d,18-01-2025,21:20:23,98305.18,4889d0c4-8038-4587-97e6-38fbeb84a339,Bill Payment,Health,11213.13,Debit/Credit Card,"Kangra, Himachal Pradesh",Desktop,0,INR,+9191537XXXXXX,Bill payment,omXXXX@XXXXXX.com
99ea5bda-181a-431e-9376-e8710dbd478f,Gabriel Thakkar,Female,60,Telangana,Hyderabad,Hyderabad Branch,Savings,4ea64ec6-cef2-4a64-994c-deb65f3f25fd,26-01-2025,17:03:04,62647.69,15e50042-17d4-41b9-b269-cedf338d7016,Withdrawal,Entertainment,39811.37,ATM,"Hyderabad, Telangana",POS,0,INR,+9193892XXXXXX,Transfer,gabrielXXX@XXXXXX.com
a018598b-fc59-43d4-ba10-4a8376f69357,Siya Karpe,Female,61,Uttar Pradesh,Agra,Agra Branch,Savings,d4fe5f6d-ee24-4cca-b848-34b1a7b66642,01-01-2025,21:20:38,90537.12,a9cd22d4-3e45-4c34-8cc0-ade0ae98042f,Withdrawal,Entertainment,90414.05,Self-service Banking Machine,"Agra, Uttar Pradesh",Desktop,0,INR,+9191942XXXXXX,School fee payment,siyaXXXX@XXXXXXX.com
f475a0e2-e355-4a7e-8e08-2b1d5a256c62,Manthan Kaur,Male,51,Jharkhand,Hazaribagh,Hazaribagh Branch,Savings,5979ef71-3bbf-49c8-b72c-c58a0898504e,18-01-2025,17:39:01,84287.95,39176fe4-0a40-43e1-8170-33d79347a535,Bill Payment,Entertainment,45165.86,Smart Card,"Hazaribagh, Jharkhand",ATM,1,INR,+9197336XXXXXX,Streaming subscription,manthanXXX@XXXXX.com
686cd38c-863d-4b16-a5e1-b30ac84a403e,Raagini Dayal,Male,46,Delhi,East Delhi,East Delhi Branch,Savings,838010c2-0c28-40d5-a143-f6fab5fc76ef,28-01-2025,01:35:55,91000.75,974b98d5-cfa5-4c46-a6f1-72eca58dbb58,Debit,Entertainment,66477.36,Voice Assistant,"East Delhi, Delhi",ATM,0,INR,+9199962XXXXXX,Birthday present,raaginiXXXX@XXXXX.com
867e0a57-f7c0-4bda-8182-ae25437d2693,Kiaan Borde,Female,45,West Bengal,Siliguri,Siliguri Branch,Savings,3be42ecd-1246-411d-acb8-47bd2b36845f,09-01-2025,08:31:00,32061.8,30b107bc-27a8-4a00-81de-ccc9e8bae05c,Debit,Clothing,19139.72,Bank Branch,"Siliguri, West Bengal",Desktop,0,INR,+9192218XXXXXX,Online education,kiaanXXXX@XXXXX.com
f31dc8e0-0dba-4bc0-90f8-0970c8d471db,Pahal Dara,Male,62,Meghalaya,Shillong,Shillong Branch,Checking,3db09fd8-74c1-4073-aabc-ab485ca90178,20-01-2025,01:48:07,42001.26,6561f3c9-eb95-4ce8-a841-09d949842608,Bill Payment,Health,94647.77,Tablet,"Shillong, Meghalaya",Mobile,0,INR,+9197501XXXXXX,Online gaming,pahalXXXX@XXXXX.com
8f6f0868-060b-4884-a7de-404cff8740f5,Aradhana Sheth,Male,23,Maharashtra,Nashik,Nashik Branch,Checking,d43fcf6a-49ae-494b-9aaf-dd798974fa03,19-01-2025,00:19:01,73869.06,a3eae724-ac0f-4840-885b-ef82a98a4cc3,Credit,Entertainment,90580.63,Payment Gateway Device,"Nashik, Maharashtra",POS,0,INR,+9196603XXXXXX,Withdrawal,aradhanaXXXXX@XXXXXX.com
3af0d329-9513-46ba-892e-6c6e29c36393,Ekiya Nadig,Female,59,Delhi,North Delhi,North Delhi Branch,Savings,b6828885-16f2-4594-8d54-20e36e382140,11-01-2025,08:05:12,86057.07,f4fad7af-5aea-4874-a028-b95e1b3108da,Withdrawal,Groceries,65518.5,Self-service Banking Machine,"North Delhi, Delhi",POS,0,INR,+9197546XXXXXX,Charity donation,ekiyaXXX@XXXXXX.com
0fcbc6e6-bb47-49af-b69e-8cd2c5edf71d,Om Koshy,Female,49,Andhra Pradesh,Guntur,Guntur Branch,Checking,71c271e7-68ba-4e30-b2d2-62dfeb349767,19-01-2025,21:32:16,84993.68,66789d6b-ee8b-4d01-9196-bb2154628748,Debit,Groceries,79169.36,Self-service Banking Machine,"Guntur, Andhra Pradesh",ATM,0,INR,+9198875XXXXXX,Laundry service,omXXXXX@XXXXXX.com
07e5543c-815f-495f-bd84-6cd4d7a86fda,Pushti Sheth,Male,67,Rajasthan,Udaipur,Udaipur Branch,Savings,4029eb79-2311-46fb-a708-2df9a4ac639d,19-01-2025,13:37:16,38007.75,f1eaedd0-2b6b-45b2-95b0-fd3b4c7a3626,Credit,Clothing,93594.28,Desktop/Laptop,"Udaipur, Rajasthan",ATM,0,INR,+9196822XXXXXX,Senior citizen care,pushtiXXXXX@XXXXXX.com
b1e736ef-5a86-42ff-957d-e4ef4d19ca30,Tarak Muni,Male,65,Assam,Dibrugarh,Dibrugarh Branch,Business,d726c5d8-58ea-4503-aaf1-6628517e2afa,05-01-2025,10:39:49,76147.97,02d36eb5-8022-4e49-a46b-3b1039dca07a,Credit,Entertainment,19804.52,POS Mobile Device,"Dibrugarh, Assam",Desktop,0,INR,+9195763XXXXXX,Meal plan,tarakXXXXX@XXXXXX.com
ef165b2d-18d8-413c-a453-9e4393abf871,Anusha Upadhyay,Male,43,Haryana,Gurugram,Gurugram Branch,Business,b5968f7c-6478-4eaf-b611-5840b43f5965,11-01-2025,22:14:05,46253.06,5b794136-526f-4db4-b95b-f624f8deadc4,Bill Payment,Restaurant,43052.71,Biometric Scanner,"Gurugram, Haryana",Mobile,0,INR,+9194741XXXXXX,Gifts for parents,anushaXXX@XXXXX.com
5d7e77d4-e463-4455-97e1-3820e81ee31c,Hitesh Bal,Female,35,Gujarat,Surat,Surat Branch,Savings,6559229a-0451-4dde-ba3d-1502d41c1a56,10-01-2025,20:41:40,18523.81,6ecfb0c7-7039-41ba-9e2b-c5c5236fb5b7,Credit,Entertainment,48088.95,POS Mobile App,"Surat, Gujarat",POS,0,INR,+9191420XXXXXX,Business expense,hiteshXXX@XXXXX.com
9f129ad2-4051-4375-a19f-e75e0e77f3a4,Vasudha Panchal,Female,32,Punjab,Patiala,Patiala Branch,Checking,3c1b6a25-9320-4ee3-833a-f45bf8bcea0b,17-01-2025,14:16:37,93159.44,f14f246c-3b1c-42ce-88af-aa6e9f78fedb,Transfer,Groceries,92572.97,ATM Booth Kiosk,"Patiala, Punjab",ATM,0,INR,+9198003XXXXXX,Personal loan repayment,vasudhaXXXX@XXXXXX.com
84d86694-23de-4cdd-afc1-da039caa1015,Yauvani Chaudhari,Female,51,Jharkhand,Dhanbad,Dhanbad Branch,Savings,c516991d-56db-467a-9079-5e1ddfa45869,17-01-2025,07:24:43,13596.38,45f6e406-3745-4d88-a279-ea80380d5580,Withdrawal,Clothing,35364.15,Self-service Banking Machine,"Dhanbad, Jharkhand",ATM,0,INR,+9191842XXXXXX,Parking charges,yauvaniXXXXX@XXXXXX.com
62b4466e-142f-41e7-963d-cb9334d4b0bc,Atharv Rajagopal,Male,31,Tripura,Agartala,Agartala Branch,Checking,12276a7c-20d3-4937-880e-9d25ad9dfe60,06-01-2025,10:53:03,25647.01,730512a0-b6a8-41d0-997d-197c40d65975,Debit,Electronics,91413.86,Self-service Banking Machine,"Agartala, Tripura",POS,0,INR,+9195003XXXXXX,Childrenâ€™s clothing,atharvXXXXX@XXXXX.com
b272f70a-75aa-4c16-b035-5ce1e0061af1,Indira Ghose,Male,48,Arunachal Pradesh,Itanagar,Itanagar Branch,Savings,19336562-519c-4510-9e16-11ca26f87762,02-01-2025,11:43:32,1406.08,5417d933-074c-43db-873a-7dd8951e9edd,Debit,Health,74546.86,ATM,"Itanagar, Arunachal Pradesh",POS,0,INR,+9192825XXXXXX,Fitness membership,indiraXXXXX@XXXXX.com
811f2ca6-871e-4e99-9155-7417362e77e1,Tanveer Nigam,Male,24,Telangana,Hyderabad,Hyderabad Branch,Business,fad66b63-fa5a-4647-b618-30716e28c16f,13-01-2025,01:59:22,2618.5,45bedd56-25c4-4444-baec-8b597f7cc031,Bill Payment,Restaurant,39547.57,Biometric Scanner,"Hyderabad, Telangana",ATM,0,INR,+9192624XXXXXX,Streaming service subscription,tanveerXXXXX@XXXXXX.com
853d37f0-63de-4e18-a035-f92de51f005a,Omya Dugal,Male,44,Meghalaya,Shillong,Shillong Branch,Business,b0ee614d-1afe-4755-8ce2-430033e9fee8,22-01-2025,09:33:27,24505.78,b30482f2-72c4-4487-a1ce-6350aa376402,Debit,Restaurant,70602.46,ATM,"Shillong, Meghalaya",POS,0,INR,+9196226XXXXXX,Loyalty points redemption,omyaXXX@XXXXXX.com
c6222a15-b19f-4bb7-b45d-c1685e1935d6,Falak Peri,Male,26,Gujarat,Ahmedabad,Ahmedabad Branch,Checking,9d6746de-39f6-481d-8863-bf5b7eb583cd,24-01-2025,11:55:29,57198.47,f66c6ffc-37a0-4203-9e39-6de6d3d24fcb,Debit,Entertainment,97421.29,Virtual Card,"Ahmedabad, Gujarat",POS,0,INR,+9196394XXXXXX,Subscription payment,falakXXX@XXXXX.com
54fe99b5-4fb3-4fe6-b68a-6e50a314c613,Omisha Khurana,Male,60,Lakshadweep,Kavaratti,Kavaratti Branch,Checking,789a6af5-dea9-4f4b-86bd-0cc13c448d90,02-01-2025,09:46:41,5982.27,769ce397-5854-4a2c-ad03-2d2c8af8e670,Debit,Clothing,42564.79,POS Mobile App,"Kavaratti, Lakshadweep",Mobile,0,INR,+9199958XXXXXX,Cryptocurrency purchase,omishaXXX@XXXXX.com
b4dd1a9f-9e29-4c30-a78c-bb813d9e36e6,Krisha Bava,Female,45,Dadra and Nagar Haveli and Daman and Diu,Diu,Diu Branch,Savings,2a001649-d244-441b-a4d1-ce7dbb548b5e,01-01-2025,20:42:06,50759.08,e7e2dc47-cdf7-44e2-ac8f-bda617f11274,Bill Payment,Health,24101.61,POS Mobile Device,"Diu, Dadra and Nagar Haveli and Daman and Diu",POS,0,INR,+9195569XXXXXX,Political donation,krishaXXX@XXXXXX.com
6d03c6db-fb90-42bf-a82a-3ed55c8c2d0a,Viraj Randhawa,Male,50,Nagaland,Wokha,Wokha Branch,Savings,1b189bb6-10da-4ca3-82c9-8f40c44f4e6f,23-01-2025,17:15:18,92512.12,8127ca8a-57cc-4b9e-8f27-888687a89d2c,Transfer,Clothing,54739.37,Debit/Credit Card,"Wokha, Nagaland",Desktop,0,INR,+9194154XXXXXX,Bank fee,virajXXXX@XXXXX.com
d893eb39-b352-4eca-9a58-7b3dc7ddb1cb,Upasna Gupta,Male,51,Gujarat,Bhavnagar,Bhavnagar Branch,Business,fedaa3b8-a6ac-4985-9cae-056375dd8f2e,29-01-2025,01:30:38,90780.78,7b2752a3-8558-4c16-97bf-8c9b3fabb4af,Bill Payment,Groceries,27483.71,Payment Gateway Device,"Bhavnagar, Gujarat",Mobile,0,INR,+9194508XXXXXX,Courier charges,upasnaXXX@XXXXXX.com
a2baa406-0514-487a-bb70-e0fee71908b9,Jeremiah Dube,Male,60,Punjab,Jalandhar,Jalandhar Branch,Checking,e935389f-c719-4145-a599-ada22cd8501c,03-01-2025,02:00:18,78471.09,58505f30-f500-4a94-9cad-02d0d732167b,Transfer,Clothing,42310.81,Virtual Card,"Jalandhar, Punjab",POS,0,INR,+9199471XXXXXX,Gift card purchase,jeremiahXXXXX@XXXXX.com
2d74b8dd-50cc-4c0b-8284-f7a7e714c48c,Finn Bhatia,Male,28,Nagaland,Mokokchung,Mokokchung Branch,Checking,cd7efd75-e77f-4ede-9baa-774ff84b97ba,24-01-2025,23:41:30,23463.23,bbefe595-3208-4d62-adf6-90fd74f8d5c3,Withdrawal,Health,88845.43,ATM,"Mokokchung, Nagaland",Desktop,0,INR,+9196041XXXXXX,Vacation payment,finnXXX@XXXXXX.com
7f94d447-db45-416c-b355-be6b65333772,Logan Bajwa,Female,70,Gujarat,Ahmedabad,Ahmedabad Branch,Business,22ce4418-64bc-41ed-b1e7-961ec3a96bd0,24-01-2025,08:18:22,79571.73,d2e67ab7-5427-465e-aa30-8fbd26ce5668,Debit,Health,62710.93,POS Mobile Device,"Ahmedabad, Gujarat",ATM,1,INR,+9199488XXXXXX,Contract renewal,loganXXXXX@XXXXX.com
3442e252-f277-447e-906f-e628c53d2e33,Elijah Narain,Male,20,Puducherry,Yanam,Yanam Branch,Savings,67dec632-09a9-4a6c-9eb8-0270e8a78452,01-01-2025,04:52:38,1032.01,9e6a20ec-3d1b-41f1-8e8e-ff369bd1f806,Withdrawal,Entertainment,44507.52,Self-service Banking Machine,"Yanam, Puducherry",POS,0,INR,+9197622XXXXXX,Subscription box,elijahXXXXX@XXXXXX.com
1d60bd51-b5b6-4eef-a69e-63c33712a143,Tripti Nayak,Male,47,Maharashtra,Nashik,Nashik Branch,Savings,0386362d-cafa-46f2-ab22-bbc791bf039d,10-01-2025,10:35:37,18613.11,cfa20287-8b88-45e2-bfca-7d1973e2aaf9,Withdrawal,Entertainment,92036.92,ATM Booth Kiosk,"Nashik, Maharashtra",Mobile,0,INR,+9198696XXXXXX,Jewelry purchase,triptiXXXXX@XXXXXX.com
18a6b564-8c32-49e5-af17-e26186a878b3,Rajeshri Ram,Male,55,Andhra Pradesh,Guntur,Guntur Branch,Business,b345bcaf-ca9a-4033-a766-899f07b89d25,19-01-2025,02:42:39,64500.16,9aecb341-c106-4c9a-9d9a-3200553cfa34,Transfer,Entertainment,5530.83,POS Terminal,"Guntur, Andhra Pradesh",POS,0,INR,+9196287XXXXXX,Pharmacy bill,rajeshriXXX@XXXXXXX.com
12d19e6f-d632-4d56-af7e-9ce516ea046f,Chanchal Mane,Female,46,Mizoram,Kolasib,Kolasib Branch,Business,b10ec069-217c-4e94-8ad2-b446421104fb,20-01-2025,14:01:08,98755.37,ca361fec-1171-4c8b-9c13-ed1400bf6245,Bill Payment,Clothing,44495.64,Wearable Device,"Kolasib, Mizoram",POS,0,INR,+9192194XXXXXX,Online shopping,chanchalXXX@XXXXXXX.com
a810e5c4-d470-4a04-9775-b0ae213f2cf2,Advika Kaul,Female,37,Chandigarh,Chandigarh,Chandigarh Branch,Savings,1837f079-5287-45f9-88ec-53627dbefbc5,06-01-2025,19:19:41,98559.6,e3a5734e-4331-47ef-bb43-46dea3a9dd3a,Credit,Entertainment,87471.24,Payment Gateway Device,"Chandigarh, Chandigarh",POS,0,INR,+9191148XXXXXX,Shopping mall purchase,advikaXXXXX@XXXXXX.com
d4460d0e-ff3d-44b8-964f-2a68d71bbf25,Rajeshri Bora,Female,58,Delhi,East Delhi,East Delhi Branch,Checking,b742c3f5-283e-4939-bf90-2f7317d01aaf,29-01-2025,04:59:55,19642.71,495d9240-c3bd-4d80-bf0d-a90d099b08b5,Debit,Groceries,64290.2,Debit/Credit Card,"East Delhi, Delhi",Desktop,0,INR,+9199130XXXXXX,Cryptocurrency purchase,rajeshriXXXXX@XXXXXX.com
856c1e12-462b-43cb-9ce2-67ea2d7f75e4,Ayushman Date,Male,32,Meghalaya,Tura,Tura Branch,Checking,d45d2759-09c9-42da-b3d0-076a9ac11edc,16-01-2025,10:01:30,77694.43,94f53555-c934-44af-a42c-6d6f058b0bf4,Transfer,Clothing,89062.62,Tablet,"Tura, Meghalaya",Desktop,0,INR,+9194326XXXXXX,Consulting fee,ayushmanXXXXX@XXXXX.com
03a152a1-62f7-4f79-9e59-35dafec9867f,Shivani Patil,Male,48,Gujarat,Surat,Surat Branch,Savings,357e4dd9-fae4-401f-b2e4-6a47dcc25f99,26-01-2025,01:08:51,32689.5,35942e8c-d313-4050-b067-7eb22868b0d6,Transfer,Restaurant,53652.42,ATM Booth Kiosk,"Surat, Gujarat",POS,0,INR,+9196094XXXXXX,Car rental,shivaniXXXX@XXXXXX.com
6296e448-732b-4717-8d81-2a9add9e806b,Jack Dani,Male,19,Tamil Nadu,Madurai,Madurai Branch,Savings,6374acee-8f31-48ee-8f8e-7bbcc3c4be5d,25-01-2025,23:09:58,1318.17,9b15068d-81f7-4537-8270-ae190dd46dc8,Debit,Clothing,86750.71,Smart Card,"Madurai, Tamil Nadu",Mobile,0,INR,+9196474XXXXXX,Home repairs,jackXXXX@XXXXXX.com
de112467-c4a5-4205-87a7-fc876eecc01f,Tanay Bassi,Male,66,West Bengal,Asansol,Asansol Branch,Savings,7c12afd0-0938-4622-9344-3b897dd8a5b3,04-01-2025,03:08:18,37518.54,f6de32e4-0592-4250-8c45-df186fac7fb6,Debit,Groceries,48008.47,Desktop/Laptop,"Asansol, West Bengal",POS,0,INR,+9196606XXXXXX,Utility bill payment,tanayXXX@XXXXX.com
5ce9e7ec-84a1-4afb-aad1-998dd48e9f46,Avni Gour,Male,53,Nagaland,Mokokchung,Mokokchung Branch,Business,47abcb3f-b405-405d-a97f-4bb96a361f68,24-01-2025,15:50:46,37306.68,016a357a-5028-425c-b25f-aeddae1b63ca,Bill Payment,Clothing,6742.34,POS Terminal,"Mokokchung, Nagaland",ATM,0,INR,+9196176XXXXXX,Tech gadgets purchase,avniXXXX@XXXXX.com
